#ELAPSED_USECS.D,LUN_SSID.I,LBA.I,NBLKS.I,NBLKS_ACCESSED.I,NBLKS_PREVGAP.I
60158513.535,14,717243264,7582208,12672,0
60158513.535,14,729900160,19586944,184320,5074688
60158513.535,14,755256448,3673344,4096,5769344
120158513.535,14,717355776,7474944,32000,0
120158513.535,14,727912576,18550656,122496,3081856
120158513.535,14,754318336,4378240,3584,7855104
180158513.535,14,717288448,7598080,32000,0
180158513.535,14,729901184,18230144,153728,5014656
180158513.535,14,754587008,3744896,5120,6455680
240158513.535,14,717284736,6905216,24576,0
240158513.535,14,730117888,16343808,247040,5927936
240158513.535,14,749490176,640,256,3028480
240158513.535,14,755115136,3480320,6784,5624320
300158513.535,14,717246592,7903232,24576,0
300158513.535,14,727915392,18601856,221184,2765568
300158513.535,14,749490560,128,128,2973312
300158513.535,14,755087872,3570048,3968,5597184
360158513.535,14,717241088,7909760,45312,0
360158513.535,14,729896320,16638464,240896,4745472
360158513.535,14,754317952,4617344,3840,7783168
420158513.535,14,717357056,7875328,20096,0
420158513.535,14,730264704,16214656,147712,5032320
420158513.535,14,749489152,128,128,3009792
420158513.535,14,752328320,128,128,2839040
420158513.535,14,755072256,4060288,2176,2743808
480158513.535,14,716088192,9145216,37120,0
480158513.535,14,729992448,16497408,276352,4759040
480158513.535,14,755096448,3955200,2176,8606592
540158513.535,14,717241472,8358144,27136,0
540158513.535,14,727911040,18414080,216320,2311424
540158513.535,14,749487744,128,128,3162624
540158513.535,14,753794400,4670496,3472,4306528
600158513.535,14,717241984,8358272,40832,0
600158513.535,14,729895296,16569344,177024,4295040
600158513.535,14,754586752,4323584,3456,8122112
660158513.535,14,715537536,9350528,31488,0
660158513.535,14,729900032,21595136,206464,5011968
660158513.535,14,755081600,3847936,3200,3586432
720158513.535,14,717242624,8355456,19584,0
720158513.535,14,727911936,18613248,123776,2313856
720158513.535,14,755073792,3956096,1280,8548608
780158513.535,14,717244160,8354048,27008,0
780158513.535,14,729890432,18238848,194432,4292224
780158513.535,14,753794496,4732096,1808,5665216
840158513.535,14,717405824,7424640,27520,0
840158513.535,14,730120576,16131712,168832,5290112
840158513.535,14,753084416,5153920,1792,6832128
900158513.535,14,714530944,128,128,0
900158513.535,14,717244928,7640448,39424,2713856
900158513.535,14,729896064,16278912,116352,5010688
900158513.535,14,754624128,3808128,3200,8449152
960158513.535,14,717307520,6012544,17280,0
960158513.535,14,729892352,16569472,123392,6572288
960158513.535,14,755097856,3769088,1792,8636032
1020158513.535,14,717288064,7530112,33920,0
1020158513.535,14,730146688,17985536,85376,5328512
1020158513.535,14,755052160,3877760,1536,6919936
1080158513.535,14,714559232,128,128,0
1080158513.535,14,717174656,8424960,32896,2615296
1080158513.535,14,727913472,18607104,215296,2313856
1080158513.535,14,751106432,128,128,4585856
1080158513.535,14,754343168,4342400,2304,3236608
1140158513.535,14,717265664,8338048,31232,0
1140158513.535,14,729888768,16225920,122368,4285056
1140158513.535,14,749489408,1686912,256,3374720
1140158513.535,14,755380608,3584768,2944,4204288
1200158513.535,14,717244672,7573632,34688,0
1200158513.535,14,729889920,16630656,122624,5071616
1200158513.535,14,749488384,128,128,2967808
1200158513.535,14,755078144,3748608,3072,5589632
1260158513.535,14,717308416,7577856,33024,0
1260158513.535,14,729889152,16630272,112896,5002880
1260158513.535,14,754470528,3925760,2944,7951104
1320158513.535,14,717247872,6076288,29568,0
1320158513.535,14,729891840,16372224,138624,6567680
1320158513.535,14,752691200,6238464,3072,6427136
1380158513.535,14,708142336,128,128,0
1380158513.535,14,717284864,7603968,23680,9142400
1380158513.535,14,730171520,16361984,76416,5282688
1380158513.535,14,755097984,3605632,2688,8564480
1440158513.535,14,717289216,7541376,39552,0
1440158513.535,14,727913728,128,128,3083136
1440158513.535,14,730260352,15788032,72448,2346496
1440158513.535,14,755078016,4053120,2432,9029632
1500158513.535,14,717357696,7337600,21760,0
1500158513.535,14,730093056,18039424,99456,5397760
1500158513.535,14,755035264,4031872,2304,6902784
1500158513.535,14,761198720,896,256,2131584
1560158513.535,14,717242240,6968448,19712,0
1560158513.535,14,729991040,16457856,81792,5780352
1560158513.535,14,753966336,4845184,3456,7517440
1620158513.535,14,717442304,7388928,32768,0
1620158513.535,14,729890176,16486144,77568,5058944
1620158513.535,14,753967232,4292992,2048,7590912
1680158513.535,14,717285120,6405248,11520,0
1680158513.535,14,729899776,16273152,65024,6209408
1680158513.535,14,755360000,3147904,1664,9187072
1740158513.535,14,717247744,6710016,26624,0
1740158513.535,14,729992576,16183296,99968,6034816
1740158513.535,14,749490048,1685248,256,3314176
1740158513.535,14,755078272,3655808,3200,3902976
1800158513.535,14,717308288,6456448,21888,0
1800158513.535,14,729887232,16612480,95872,6122496
1800158513.535,14,755052032,3256576,2816,8552320
